0	1	2	3	4	5	6	7	8	9	10	11	12	13	14	15	16	17	18	19	20	21	22	23	24	25	26	27	28	29	30	31	32	33	34	35	36	37	38	39	40	41	42
0.06386465704160063	0.0007710722325862928	2.2540746476574167e-13	2.3195564738008006e-05	0.0	0.00019374501972306172	0.0002900746023707215	2.7556709521525963e-05	5.587335560801968e-06	3.038539564425561e-19	5.844853498346955e-55	0.00032258608494181685	0.0	0.00015241708389318657	6.640243972684853e-09	2.0821181832513824e-06	1.7103891940348597e-37	9.766855921119353e-05	4.54122426664318e-07	3.1706432889114883e-38	4.357662592417118e-12	2.8434657323072752e-05	0.0009570419494349644	3.1170024430757674e-54	3.5160904538510046e-23	3.231268071614941e-06	9.976877446976377e-06	1.328810136961084e-06	3.4809211635113736e-05	1.3064746724482032e-36	5.013559407369363e-23	3.4062917855975297e-35	2.387431214024763e-23	8.660845847809708e-51	1.783526514692928e-20	3.095302230009097e-38	5.7444164466580576e-21	0.0	7.29851228782608e-52	5.238827699028696e-38	6.705856065351319e-20	..\ExtendedTonality\data\DataFrames\Symphony_for_Solo_Piano_3rd_Movement_Opus_39_No._6_in_B_Minor.mxl.csv	Alkan
0.030395764757575536	0.0015037597656360337	1.1718380172196246e-12	2.8772734161812227e-05	1.3412485376988484e-12	0.0004937846241831469	0.0008339691147581241	6.099233649367088e-05	3.404229991437656e-05	1.226914606232486e-06	1.1785595489813606e-37	0.0007080881707294442	4.598652292470215e-09	0.0002934059088527669	2.8075964004337865e-08	7.93624812311889e-06	4.989093297321541e-37	0.0002142145974588832	1.346417080826348e-06	1.5386633096346754e-37	3.4203963135959556e-11	5.523380297377675e-05	0.0014758683328618544	4.0639070743935543e-53	3.14079014424175e-22	5.080965120184855e-06	2.1538538020050352e-05	2.651145826424703e-06	9.195986022724579e-05	2.072544586817214e-36	4.226386411387346e-22	1.5698792350246365e-34	2.2127067660925883e-22	2.553575550403054e-50	1.7483379058247983e-20	1.711609311841084e-37	2.520704038982926e-06	1.2306833456046066e-08	2.4885642918425286e-51	1.932248690377967e-21	6.2786991126392455e-06	..\ExtendedTonality\data\DataFrames\4989436-Esquisse_Opus_63_No._44_in_C_Major.mxl.csv	Alkan
0.04418179109441055	0.002626793348277434	5.3217838671461776e-12	3.696886258962312e-05	5.122215575970068e-12	0.0008531225697460755	0.0013452812138791312	0.00011116238893550181	7.24171690141732e-05	2.265506106207307e-06	1.9072117146592085e-37	0.0009163507946630665	1.4828507599664411e-08	0.0004953919606161045	1.5216967022110383e-07	2.1240422243847654e-05	4.644924200753201e-21	0.00041674297173674993	7.158427644624225e-06	4.8341464960470545e-22	1.0654155852977811e-10	8.550761223447853e-05	0.0021632394625547675	2.194409792587729e-38	3.1800408892499924e-21	1.8607461745122816e-05	3.998812736450009e-05	2.0565905356819195e-05	0.00019065381079288345	1.3601987153477444e-20	2.8226099028525654e-08	5.121477730729775e-20	7.518930106275987e-09	2.2416298718919777e-35	7.059362526633144e-16	2.8001614746176953e-22	4.82308887732662e-06	3.7169544270435506e-08	2.00902828995983e-36	6.214313019803018e-21	1.1888262549454153e-05	..\ExtendedTonality\data\DataFrames\Nocturne_Opus_60_bis._Le_Grillon_in_B_Major.mxl.csv	Alkan
0.048931704435052834	0.0038692140607565727	2.249439105498606e-11	0.0001298838796544316	7.715417009888491e-11	0.0016368704924031676	0.002823331645034862	0.0001935894913565071	0.00024776218475701107	1.7761349066768253e-05	1.7092055268994342e-20	0.0012045624733360467	1.5948221412416043e-07	0.000811710774577092	5.721529123574356e-07	6.21911928737395e-05	1.2693032904809503e-20	0.0006871636761205011	1.930723767551128e-05	1.239681461534637e-21	6.314029661007413e-10	0.00011399345879985433	0.0030741492687616904	5.656555119193009e-37	3.0377117530994875e-10	2.819622025948835e-05	7.098351876280499e-05	3.923874557827776e-05	0.0003776489578726166	2.35393143557738e-20	8.71677178698681e-08	9.090340773136855e-20	2.3426116402391146e-08	4.955569232763534e-35	8.304034848258381e-16	6.184210000358806e-22	3.061950438501087e-05	3.8015777415739133e-07	4.5844315280002947e-36	1.4856184274038253e-20	7.96884576588143e-05	..\ExtendedTonality\data\DataFrames\824336-Prelude_No._23_BWV_868_in_B_Major.mxl.csv	Bach
0.04856912752393586	0.006149972513607753	9.90912218386259e-11	0.00019302750908508127	2.8307499200369044e-10	0.0026443192280489335	0.004367815784672506	0.00033199789289412485	0.0005062965634237932	3.1476871505784505e-05	3.319119655664769e-20	0.0018279115093148533	4.902507420380614e-07	0.00127961700875612	2.522390513233489e-06	0.0001580697299310869	4.326619130558624e-20	0.0011958454313228987	7.259551263306521e-05	6.424291830158973e-21	1.959805913629322e-09	0.0002610072355724637	0.004240552100317221	4.210503336412666e-36	1.9779093271373653e-09	8.5298307194957e-05	0.00012480989290510194	0.00015735642163316807	0.0007796139783084569	6.535993685028181e-05	8.56807433961121e-07	4.416785757776493e-19	2.4739249402766334e-07	1.6340488469383874e-34	1.7962892699722547e-11	3.693066165658098e-21	5.617942784935263e-05	1.0942254733633174e-06	1.7347864928383243e-35	0.0004045946722761268	0.0001441178236350538	..\ExtendedTonality\data\DataFrames\1340331-Prelude_No._12_BWV_881_in_F_Minor.mxl.csv	Bach
0.052571984436328656	0.008615323957610135	3.9123272123941085e-10	0.00026995627891224987	2.208267899090082e-09	0.004647498202826026	0.007801993443038578	0.0005507031283375869	0.0013050717580945866	0.0001268645134544587	0.0010623319927310115	0.0023972169659550627	2.7688238799467406e-06	0.0019873083304284586	9.213195400312856e-06	0.00042564134693630416	0.00015916791404481669	0.0019024091603706966	0.0001877529870749102	7.6024439726614795e-06	9.564592313899801e-09	0.0006124617771975122	0.005686783565045228	3.3054295498836183e-21	2.55489057121944e-08	0.0001366405107790364	0.0002135665128070001	0.0002874106006190734	0.001522009546092088	0.00012253641736081824	2.516369423237776e-06	5.9655141248604885e-05	7.345551565631909e-07	8.672592791322382e-20	2.465143645148656e-11	2.58461881182779e-06	0.0001940330497409462	5.863328492332644e-06	8.549407498811563e-21	0.0006306377903908848	0.0005041509061744806	..\ExtendedTonality\data\DataFrames\1880941-Prelude_No._22_BWV_891_in_B_Minor.mxl.csv	Bach
0.0335030700530971	0.013176887092333176	1.5799954413928523e-09	0.0005850397795379835	7.793613064935016e-09	0.007314394487292745	0.01172210137621011	0.0009024263556233227	0.0025806296638073603	0.00021635450135660956	0.002406775993969097	0.003595911102812075	8.13452764361649e-06	0.003099653422498976	3.603234649736619e-05	0.001060507836136781	0.0004108446463920297	0.0031757853564142713	0.00057149123699653	2.1565660838798018e-05	2.9480108657464096e-08	0.0006672671276043379	0.007523618948280012	4.6644526237961176e-20	1.588536464967853e-07	0.00034179428521037715	0.0003625556763985213	0.0008023521264417449	0.002680869587596612	0.0006154444829194812	1.3050410891196326e-05	0.00011163573908663746	4.063597936447737e-06	1.7131589446164653e-19	2.666443022718344e-07	5.7364088397610636e-06	0.0003425728846233255	1.612068634558483e-05	1.7667433664562446e-20	0.0023102062310550284	0.0008741110516567221	..\ExtendedTonality\data\DataFrames\116653-Sonate_No._7_4th_Movement.mxl.csv	Beethoven
0.053701190487808276	0.019381215401535153	6.033471472598194e-09	0.000953772576025845	4.242222283098302e-08	0.012086177181161735	0.018836175692527258	0.0014929804120441383	0.005680777750332646	0.0006019587727451269	0.005822484159792757	0.004491427544444413	3.267298806889113e-05	0.004833617871965305	0.00012897147739013995	0.002711553712884874	0.0016511146587625835	0.004987597207710393	0.001427135585628499	0.00011880863589814319	1.223438700807611e-07	0.0009273287403197408	0.009768647381130676	1.0505184324327943e-19	1.2257120407030473e-06	0.0005774360774652083	0.0006095348014463254	0.001406430969094077	0.005126890393302783	0.0010982059165115245	3.6560346339402973e-05	0.0005694426366138922	1.1524726535592381e-05	6.455440115780481e-19	4.181976651007635e-07	3.684267503999375e-05	0.0008617979097216243	6.124259266029178e-05	7.539406632560468e-20	0.0034531280544763997	0.0021551880019990617	..\ExtendedTonality\data\DataFrames\Beethoven_Ludwig_van_-_6_Lieder_Op.48_No.2_-_Die_Liebe_des_Nachsten.mxl.csv	Beethoven
0.03850292944936881	0.026840805289264868	2.2040078352161663e-08	0.001383835403336214	1.4439673015197626e-07	0.01864031367468848	0.027636566882228597	0.0024816087350660048	0.010959243693036603	0.0009902108570867506	0.013071499162643316	0.005198228176006518	9.218664472534387e-05	0.0072047220994934345	0.00047300092497997624	0.006665359513745425	0.0040712909516295494	0.00808809543992658	0.0038214675835815653	0.00032067260280091897	3.7240431954746786e-07	0.0020698155337861113	0.012453293391130651	0.00021782921945300682	7.378485760321687e-06	0.0012955990681255635	0.000999087320912521	0.0031138364834548487	0.012161069398609796	0.0030051978518575366	0.00013572803346311593	0.001013728585102818	4.519265485392638e-05	0.00015486094429746728	0.0017596305211236697	7.794778028450607e-05	0.0014704464876209185	0.0001615725982273794	1.6978243748387088e-05	0.007173479254681317	0.003597081322405098	..\ExtendedTonality\data\DataFrames\66095-Sonate_No._30_2nd_Movement.mxl.csv	Beethoven
0.08427004026383057	0.038440540141367455	8.10028960049938e-08	0.0022375412627489823	6.250942892417626e-07	0.02946998830403322	0.04160574473829133	0.003998069987893409	0.022104763036084777	0.002161436683871182	0.031039578101439008	0.007721679655020256	0.00030184663030853674	0.010229172406192356	0.0016726507878363475	0.016539037974458506	0.0114087063394747	0.012579761120381205	0.009298659517560925	0.0010890919808284817	1.3590735673781932e-06	0.004934854185483157	0.015746823576533717	0.0005327798091854815	4.703846672597865e-05	0.002094186611561042	0.001614788784974726	0.00526138998005793	0.021205245878764815	0.005135593633696982	0.00036478898353835574	0.002810221525183476	0.00012298157852342275	0.00026946472134487117	0.0031045514040476305	0.00027441544862624376	0.003048573500267513	0.0004984548619386018	3.1428504475603135e-05	0.010494731851463109	0.007150193264733483	..\ExtendedTonality\data\DataFrames\mazurka24-3.xml.csv	Chopin
0.08399397106435563	0.06406906016370803	2.7300874976253024e-07	0.0036583058015521473	2.060896779551444e-06	0.044749244817054126	0.05998395894828121	0.006039789624344002	0.04194519121979935	0.003438402704708776	0.07134485114302846	0.010435336639029714	0.000824079142173965	0.015534088087123782	0.005955154073966122	0.04030887366285719	0.027420040405309126	0.019941841353547474	0.023183095005784127	0.002838012893534313	4.075879232473265e-06	0.004999432580277853	0.01950970458485378	0.001720015096654509	0.0002782979456608456	0.004428754982853643	0.002582556168300233	0.010001685638777397	0.02860928709456353	0.010489547733209054	0.0011130941689928384	0.004812753287875894	0.00039152842110672684	0.0011883586011147544	0.008392963698385708	0.0005570634339522597	0.005053341510398049	0.0012709756857916406	0.00015392666580316822	0.017031807781872955	0.01154783179765352	..\ExtendedTonality\data\DataFrames\Dvorak_8_12.0_0.0.xml.csv	Dvorak
0.053887830263770115	0.07187888074063309	9.532043246743181e-07	0.005465400474447427	7.683785536669372e-06	0.06869159453961635	0.08708406456061885	0.009677379180764015	0.08087138886261946	0.006361429410783762	0.15875425919589853	0.012647013540511964	0.0023919517381518663	0.0247712096107129	0.020934894630424986	0.09934699434849494	0.0680649358279797	0.03087915635479864	0.0554984205657539	0.00796934615854001	1.3516940235770525e-05	0.00526787652193156	0.02410236332449743	0.004079453394310928	0.0016647711819059094	0.007872224905713408	0.00416107221098578	0.016396578440740345	0.05946685925330202	0.017334425839004554	0.0028950063096854026	0.009904772644089828	0.0010296781672249071	0.0019714934143636093	0.014236999011526164	0.0014504079674389654	0.009268946113759027	0.003461287351072471	0.0002731182325200291	0.024469202522762697	0.02010271881430629	..\ExtendedTonality\data\DataFrames\op68-1.mxl.csv	Grieg
0.035880334705107556	0.09995927741555992	3.04156436636114e-06	0.007820748281223222	2.4686737585396457e-05	0.10317279943371968	0.12413730587628151	0.01657533619972057	0.15198624958362594	0.009819681700539873	0.3523853691969025	0.013459427627939434	0.0063788762725128295	0.03741364051598046	0.073694779268709	0.2443702314057637	0.16158650485965023	0.04808695733773642	0.13368742503394854	0.020331745411126086	3.995930734382708e-05	0.01293383424700976	0.0291950017806924	0.010860892088263324	0.009784365590310904	0.013062449948021386	0.006551933536999958	0.028308995241696028	0.25661067839564317	0.030515072913125336	0.007901444280126317	0.01644071443312348	0.0028930421692172446	0.004818325483936979	0.026258941557633742	0.00284349131428597	0.015016209451680881	0.008609453016619716	0.0007793477555201366	0.03573911587200736	0.03162852444347661	..\ExtendedTonality\data\DataFrames\antoinette.xml.csv	Joplin
0.03075354741724947	0.2417508972546291	1.0056599689512161e-05	0.011507706837419961	8.38397306066232e-05	0.1555572544929803	0.1770487046920133	0.027587585119054788	0.2869859665515272	0.016266298278532102	0.04394436170396962	0.01792370451676066	0.017359505411951626	0.042236688295051734	0.2584697994743626	0.17576581519195916	0.38616155446988765	0.07206667800524179	0.3173649927165185	0.05293590728986392	0.0001241013447854296	0.04072848911424846	0.03538348007853775	0.02547651032394512	0.05758382362905092	0.024184785159622885	0.009748169116608215	0.04539172920067819	0.18393656795125304	0.04934047052883498	0.020096291400171475	0.028984951941054108	0.0074213523340807795	0.007741374731227561	0.045052665831139996	0.006239728842449563	0.025527759215849075	0.02190008675507732	0.0013345825013967821	0.05047381381675186	0.05103200786630345	..\ExtendedTonality\data\DataFrames\sonata03-3.xml.csv	Mozart
0.03431002097142787	0.15312286592276	3.100871284490959e-05	0.016388451973875732	0.00026439182960893916	0.23204379587175117	0.2508025390976498	0.034221597634379104	0.12119754456058776	0.024479215465468454	0.061111069032618426	0.026930467425491787	0.045649927190524464	0.05971677021596767	0.18700285720682652	0.12554033728748848	0.10291729269446237	0.1165818656789118	0.19030347249318372	0.13365809570985493	0.00036256962597592634	0.028836784868986134	0.04222503041251523	0.06090557407500056	0.33783796229660934	0.05186287837332174	0.014809687208852484	0.07415340659754875	0.1315540503619764	0.08117330469934372	0.051839096206840456	0.046945882528523296	0.01947169224274803	0.01436862543178415	0.07571057518367168	0.011900964585311955	0.040673928032668595	0.053649312375953405	0.002918969900088918	0.07094972721233245	0.0788296074103	..\ExtendedTonality\data\DataFrames\sonata14-2.xml.csv	Mozart
0.04226573390725735	0.09566145331580606	9.792893267089675e-05	0.02462533790702099	0.0008515416756469041	0.13554353738135827	0.09885680573904071	0.04943845566505212	0.07902254564234013	0.037830164288384885	0.08313349060954459	0.03321227117081254	0.1206302508941965	0.1119290398340336	0.1348012187959775	0.08989639797922651	0.06869226879444891	0.20158561674207753	0.11245866738422255	0.33893253674849394	0.0010815881225330712	0.02343649917772879	0.05057694847291522	0.1410627797641417	0.21834881827771271	0.058966679182479005	0.023894208366589863	0.11724895700071848	0.09363521169435098	0.12978499713930952	0.13020580775194496	0.07690223873801874	0.04919020863116451	0.022503465809207444	0.12704890260576682	0.02372835674293104	0.06614162800160747	0.13216043878248854	0.0048547362530273665	0.09900838605854853	0.12240205237731744	..\ExtendedTonality\data\DataFrames\Reichardt_Louise_-_Sechs_Lieder_von_Novalis_Op.4_No.1_-_Sehnsucht_nach_dem_Vaterlande.mxl.csv	Reichardt
0.04898299652443336	0.06025813913025813	0.0002961092290175397	0.03577981896981244	0.0026545117603094673	0.07833255761413215	0.04211345089724054	0.09686166590502047	0.0680600467210255	0.055832255908489135	0.061646624912973416	0.02702154425760514	0.3150763612521879	0.24433620204427753	0.09730329821720995	0.0632253746982362	0.07463723802500095	0.1439710584266015	0.0668713173526272	0.12476149155684695	0.0031365059701689815	0.06068059094872839	0.059560602892964734	0.3282956958512032	0.140680325670737	0.11403423514058178	0.038359189947181745	0.18632319673332928	0.06642267528430028	0.2081889414735062	0.32793570251164744	0.1224685459296572	0.12496624325749049	0.036594347739162654	0.20944878501901446	0.04438180204623789	0.10424582787014061	0.32129933444100234	0.009124052570045664	0.13756489610764613	0.18701235948894893	..\ExtendedTonality\data\DataFrames\Schubert_Franz_-_Schwanengesang_D.957_No.2_-_Kriegers_Ahnung.mxl.csv	Schubert
0.023240648411430333	0.03684995533665576	0.0009046056531952572	0.04785356039246501	0.008328069854660577	0.04544323460239581	0.02071752171037413	0.23638416887724198	0.04307146745287233	0.08293820784832014	0.022859715729712807	0.03542062631918574	0.19528101056025632	0.11723776411415239	0.06935078134913321	0.04488362568803586	0.03473970928523413	0.1018829960028892	0.03818079474958571	0.08086866444119176	0.009136122682845344	0.348351659809777	0.06964303506937233	0.07450353191728108	0.09076232021100489	0.3802544449306491	0.047934783912190554	0.29244792656393215	0.04638571456828275	0.33139516094835403	0.1936178589686342	0.1947219398263074	0.313280881565099	0.056120085839677904	0.3457651337965165	0.08419280014775939	0.165530418228862	0.19179253120287593	0.014835556628084346	0.1908446581556082	0.285631699272581	..\ExtendedTonality\data\DataFrames\Schumann_Robert_-_Dichterliebe_Op.48_No.11_-_Ein_Jungling_liebt_ein_Madchen.mxl.csv	Schumann
0.07507040302748262	0.02300117175308449	0.002691817946051424	0.05135814240093299	0.025805700620131797	0.025795259208862185	0.011194303285578147	0.15178462077431074	0.027417657755693572	0.12080624801271464	0.024933387898927312	0.060202012093772225	0.11963208026738426	0.07615514309745794	0.049764493571268956	0.030602320773750046	0.020061789004372815	0.07236239136008618	0.022336285545876897	0.08346238725992482	0.02614405578049038	0.13192014529482737	0.07969268522160762	0.07587664914900885	0.05753225374771368	0.1826958380187221	0.06398692297094617	0.12600269092832486	0.03243662063567273	0.0945078795514891	0.11462716085620848	0.3071718868121548	0.19324398013571184	0.08624022266616296	0.05386861842800816	0.15558728019516507	0.25925518320482666	0.11298599067787972	0.025529759925875865	0.2643277590878534	0.1096250539343216	..\ExtendedTonality\data\DataFrames\Scriabin_11_23.xml.csv	Scriabin
0.03152579916007239	0.013533560857525514	0.008010836205606631	0.08484911250131838	0.08007698136176128	0.01480207925186141	0.005585452740279073	0.10294031354464304	0.019985819304613826	0.1759251797951515	0.022609646726136138	0.09075775774749623	0.07364592067653447	0.06926007167639076	0.034432043105424436	0.02141379563927351	0.01670412399073478	0.05051545143505796	0.011874139944124413	0.050302980660394764	0.07892905309079432	0.054182241890719005	0.09870668612143779	0.09536387788722041	0.03687269579683165	0.08579599130643654	0.1181609019814233	0.05362098341369065	0.021599608188014464	0.026745160965433917	0.06607863928453209	0.09814985669274254	0.11762650244500278	0.13032792531400364	0.025722988277018494	0.28843305236541283	0.109125290225033	0.06693241454280285	0.04084829295381569	0.05086138288644641	0.04475031694819491	..\ExtendedTonality\data\DataFrames\Scriabin_37_3.mxl.csv	Scriabin
0.055892982360014866	0.008332573359991359	0.02459612574516974	0.14912475369834013	0.24749310138990924	0.008158017004712968	0.0026959118494024998	0.077292910976322	0.012679071814157254	0.2543018512563286	0.013936408876723936	0.046104067033307335	0.04380859343345208	0.05047848357181197	0.02441030374301695	0.013825352057297164	0.008437279558757334	0.035577508374864536	0.006768659351129029	0.03148447050228094	0.24364967483959787	0.03997073046725232	0.1244577227945096	0.048497626435658414	0.021931549866926695	0.04085851979499893	0.27687648062171166	0.022933470823154195	0.014817968207073186	0.0075935404968505696	0.03863373628051073	0.038405510084312186	0.07200182020403122	0.19620802992870953	0.025539644980679527	0.12595149921541274	0.06546332602271374	0.03818532015947582	0.06692414218954555	0.015294751031350985	0.020796294369975547	..\ExtendedTonality\data\DataFrames\Wolf_Hugo_-_Eichendorff-Lieder_No.4_-_Das_Standchen.mxl.csv	Wolf
0.04630970716334065	0.0045941497568646435	0.0771811397529318	0.2717889990351652	0.1809716673111492	0.00460903642572625	0.0013058562303824308	0.05615081566322641	0.008610985775671338	0.10661399984761431	0.008191581242009527	0.049249608661770465	0.026593244498942185	0.03504034861196257	0.015838076640355067	0.009474983615937247	0.00539511257872753	0.024310215404635818	0.003165454621375314	0.02529137161867355	0.17885288397088459	0.07727197666172261	0.1591640083023812	0.033878062221702705	0.013814681583320054	0.018001945846939846	0.153263716960031	0.009493542539947749	0.008850766458024975	0.002095292869677571	0.02104867686369358	0.021620123751585722	0.042436161044220766	0.29417162590395035	0.022770918593622395	0.07681199562789043	0.050677826805252985	0.02227864381416922	0.10598261421464829	0.009014772417119257	0.011463041206308198	..\ExtendedTonality\data\DataFrames\Liszt_-_Rminiscences_de_Norma.mxl.csv	Liszt
0.04181583605562275	0.0027759911912469764	0.24310511563491155	0.058015313146419195	0.13180183089060798	0.002430478359614522	0.0006353133865403919	0.03980536643640824	0.005350017956056376	0.04765964021196244	0.006984018770738628	0.10938828578266435	0.014831723432946071	0.025652495664910808	0.011003123871125899	0.005613103270440416	0.0031920080136241297	0.016920856259977197	0.001742268833465941	0.01580699824664373	0.13091210819354732	0.050861260657038096	0.049154147531045245	0.032340342310507524	0.006788908605473615	0.00840556355109125	0.086380110149427	0.004003952548856125	0.005959065391064115	0.0005882558061410804	0.01203433928079279	0.014827087423378033	0.025581208765579306	0.07883155770315989	0.00667888864597658	0.061674830877248836	0.029670655326865424	0.01187185425261533	0.16929612086021226	0.006383321173589078	0.005651849257036913	..\ExtendedTonality\data\DataFrames\Faure_Le_jardin_clos.mxl.csv	Faure
0.06603549679014022	0.001378486955700371	0.17966615922279333	0.06205745845597574	0.0961286940393266	0.0013457287504666648	0.00030540667547589536	0.028311530775733066	0.0036852612507099836	0.024261110819837846	0.005066146950427716	0.28930574364550854	0.008794533573640984	0.018865062924544578	0.006333259897721196	0.0037452136259630967	0.0020445556726218007	0.0112059700374349	0.0006596015825092405	0.010901538935573935	0.09624668889558363	0.028227400524205835	0.03512833590508212	0.020206451739923543	0.004140239112734435	0.0031159475931573396	0.05263960231953833	0.0015683052304940983	0.0028212549003561503	0.00015169512834747065	0.005864717742669165	0.0072035260244082975	0.01407929996391698	0.02907034934752616	0.0031885952237191975	0.04143615019901963	0.018405079492081432	0.006756742516023878	0.26653596330779905	0.0021394916055532094	0.0026610398641444422	..\ExtendedTonality\data\DataFrames\Josquin Missa l_Homme arme Sexti Toni - Benedictus.xml.csv	Desprez
0.07040560918906104	0.0008132587677828577	0.13228632780198502	0.06618128694272421	0.06924624547209457	0.0006673538684922879	0.0001450562727407674	0.01942379245396723	0.0021284213806987066	0.014101099178341016	0.0032925179739505452	0.06115051012965665	0.0043480874529665545	0.013085712803764433	0.004275970608524597	0.0019559648676411422	0.0009284484732516558	0.007681474469315977	0.0003481251024035546	0.006843846622584447	0.06986523279385749	0.01743504549825776	0.027154370165160112	0.0139451093287635	0.001215373731245821	0.0014049161212822971	0.03622260279652727	0.0006469391794778368	0.0018677237869864766	4.1670556283109006e-05	0.0032448155520829595	0.0033656188521694963	0.008278584960312883	0.017387008898181146	0.002412914917417176	0.02590623226713923	0.011663847880886107	0.0031784066495630123	0.09806903307307621	0.0007568894936482047	0.0012450036676612372	..\ExtendedTonality\data\DataFrames\La Rue Missa l_homme arme I - Pleni.xml.csv	delaRue
0.056963617523084056	0.0003418932388338083	0.09751590067731747	0.029202911438204048	0.050201926013176544	0.00036066032391884515	6.781052382967083e-05	0.013578646484642206	0.001475223021968917	0.0074820167168097125	0.0022605693803033596	0.02074378726107689	0.002494726262245286	0.009315657644491555	0.0020086063613294794	0.0012645451416740312	0.0006934477361384486	0.004872991230808956	9.320805978328388e-05	0.004913424840784657	0.051057170879544596	0.01999874812418954	0.012888541302615526	0.010827617905309351	0.0007077834039861891	0.0003281558292746812	0.02380587209535662	0.00023014611061441861	0.0005228649335092657	9.261334034157885e-06	0.0012997080731752223	0.001697581959705321	0.004021111723580776	0.012122659752442715	0.0016743047270129452	0.017653784657888076	0.007378424102396313	0.0017483385703076447	0.06315801848235968	0.0003562155556913189	0.0005893029158368377	..\ExtendedTonality\data\DataFrames\Scarlatti_Sonate_en_mi_majeur_K531-L430.mxl.csv	Scarlatti
0.054990760872558865	0.00019597228831744106	0.07104587563501186	0.02172674433305992	0.035226167514751584	0.0001649322429398434	3.150574377275255e-05	0.008767593654756909	0.0007996733021157329	0.0038168243793961967	0.0015536181755402077	0.01969648895592605	0.001005472430239486	0.006332842262294354	0.001309022684917627	0.0005527623658225947	0.00027410836139829466	0.0032787690085533403	4.696913296186949e-05	0.002676086950826726	0.0361074079366526	0.015470983761006264	0.008133241530658647	0.0074653047355680525	9.848627704117428e-15	0.00014048700450855123	0.014703161491429802	9.211107324581685e-05	0.0003323122724240339	2.4601768552268593e-06	0.0006898819118944684	0.0009173248806869253	0.0022850051915019967	0.005269772353356052	0.0006236183418305123	0.011443651172987875	0.004333560900379004	0.0006678604378580476	0.053114319722912876	0.00018876111369660244	0.0002779578879928471	..\ExtendedTonality\data\DataFrames\Gesualdo-Sancti_Spiritus_Domine.mxl.csv	Gesualdo
0.03541394624908019	6.242946399744556e-05	0.052061583047468045	0.017936673133174395	0.025244695363794156	8.672138152054709e-05	1.4396604603830941e-05	0.006043872188667466	0.0005556466789691369	0.0019365741617790755	0.000928463208918057	0.026435562559174428	0.0005540346695027243	0.004425484541038642	0.00043784468429346575	0.00034511679943600917	0.00019786378098417165	0.00196602671267538	6.576425332835125e-06	0.001989667110531971	0.026090209823731073	0.009325778693868282	0.005331821053324909	0.004751895188561974	5.109093683755146e-15	7.846946007138303e-08	0.009052208198129527	2.813502814626954e-05	3.3983979365160895e-18	4.0811955073436024e-07	0.0001978062589239671	0.00046358927483964804	0.0009010797396976472	0.002293701653263969	0.0003175028164616985	0.007508295229245817	0.002770693388394628	0.0003525142153371162	0.028881613409815765	7.591588260888258e-05	0.00012735527052607187	..\ExtendedTonality\data\DataFrames\Prelude-in-E-flat-Major-Op.-67-no.-19-Allegro-comodo_Hummel-Johann-Nepomuk_file1.xml.csv	Hummel
0.03545988606252416	3.4603445491814046e-05	0.036976204990005986	0.010176399076986704	0.01679913248098714	3.576692492708622e-05	6.506325296863708e-06	0.003577713854153139	0.0002774718877052803	0.000996979035109822	0.0006096398967027078	0.010030617636590277	0.00015880481006021999	0.0028844024085454894	0.000274175672962602	0.00011726842477017201	6.794457947253884e-05	0.001294666003311811	3.15747111014162e-06	0.0009857461837313667	0.017515920291110022	0.0062188103242456485	0.0028931997519320005	0.003465253750057062	7.16865612796685e-16	2.7886897166816542e-08	0.005464915962354507	1.0854425304893281e-05	1.4682931664018693e-18	1.0382522136171422e-07	0.00010015298855228266	0.0002232069560847565	0.0004913111118742046	0.001165175604093131	0.00020071888060345258	0.004664215603564192	0.0015807335762725956	9.547055527485745e-05	0.01825835310254298	2.9480099927982195e-05	5.7860725077591296e-05	..\ExtendedTonality\data\DataFrames\Caligaverunt-oculi-mei_Victoria-Tomas-Luis-de_file1.xml.csv	Victoria
0.04001982046662646	6.390092046665582e-06	0.02678820717872855	0.006864295348141306	0.011816838046316175	1.8254657709836113e-05	2.897384461078451e-06	0.0024462028895836092	0.0001954195161896357	0.0005061353626645713	0.0004638067507778848	0.004014768877657286	8.362987202279087e-05	0.0019644442829191513	4.8211673806861885e-05	7.05644692052439e-05	5.329746464141418e-05	0.0007228427420500762	2.213740172485421e-20	0.0007377388511750254	0.012430680229232266	0.004789265901383282	0.0017671621128103512	0.002251011555407252	1.680604114859771e-26	5.175134875173587e-09	0.003261142878146226	2.6294051063160423e-06	4.3101688455045886e-19	9.384032938556925e-09	1.5151353130648242e-05	0.00010908916519867387	0.00013733572575307711	0.0006318664750970644	0.00011916110022278335	0.0030293695762294765	0.000998998324265322	4.81345285809314e-05	0.012112163844358752	1.2893017359239034e-05	2.5835263751197975e-05	..\ExtendedTonality\data\DataFrames\Heth.-Cogitavit-Dominus_Victoria-Tomas-Luis-de_file3.xml.csv	Victoria
0.045155494504273336	3.4057461317094807e-06	0.018063378564184752	0.005067470667508705	0.007162838901681657	6.614772555331276e-06	1.2687552806000318e-06	0.0012886732839002865	8.864835864849131e-05	0.00025392215723177985	0.00028629997501758507	0.0028356461733896306	1.2587816479262282e-05	0.0012318720798218418	2.8934307234902197e-05	1.6443553153020935e-05	1.2869173733446271e-05	0.00046458673197939757	4.856648620750535e-21	0.00031722152652606257	0.007622216197269158	0.003778095289208471	0.0010555108840284877	0.0014582942526352631	4.137518726393618e-27	2.5205145987519896e-12	0.0019230159482814366	9.735361529675009e-07	3.510177893946742e-33	2.2721988251022003e-09	7.295610884424417e-06	5.354773490908774e-05	7.152516914378008e-05	0.0003027255619812361	5.3001132267700505e-05	0.001825294986278995	0.0005437489368151627	6.829836416998492e-06	0.007514994665903887	5.9655641728958154e-06	1.1372503520086197e-05	..\ExtendedTonality\data\DataFrames\op01n11c.xml.csv	Corelli
0.06692029743379015	3.418310673327219e-20	0.012844553985636175	0.002942637198609506	0.004909678558242591	3.2716331231510257e-06	5.494596920948007e-07	0.000880018507592247	6.347643323648376e-05	0.00012483084732682238	0.0001335715565025944	0.002587110806686404	6.319566885849968e-06	0.0008071130397171406	1.7835746357926633e-16	9.526743214353169e-06	1.2059207254275581e-05	0.00023718236472289005	1.2934706095731582e-21	0.00024973350549392686	0.005276765800185459	0.0025692929047966147	0.0006006318381856567	0.0009143761298626734	3.3002925621467673e-28	7.154771690306728e-13	0.0010713789034699473	1.641706891864973e-07	1.3599958301929876e-33	9.912332404106471e-25	1.3193278479625942e-19	2.5908388850259233e-05	1.0473357574165174e-05	0.0001387783287276528	2.3850780212023372e-05	0.0011481478442674968	0.0003434132590635278	3.2817055237789833e-06	0.004405981744695771	2.4944430521396835e-06	4.96715305106675e-06	..\ExtendedTonality\data\DataFrames\op3n6-03.xml.csv	Corelli
0.05868790256138397	8.108431365616539e-21	0.00788901978881502	0.00190947200599816	0.002562207090705857	1.0072709181998232e-06	2.319515837678529e-07	0.00040019434486325523	2.5802525824373875e-05	6.029857015857811e-05	7.387182264038646e-05	0.0012564969260941633	9.560285329200508e-19	0.00048495224935510555	4.0915390873876216e-17	1.135220159762056e-06	2.0593535195725763e-06	0.00014746161027113025	5.482408790837456e-36	8.918230770985089e-05	0.0028006891614345995	0.00125428190963445	0.00033433067611636307	0.0005795897872475221	1.0702791480063591e-38	8.477308392808278e-14	0.0006081482569410612	5.8189045395142144e-08	2.595538693558485e-34	1.8645687495717264e-25	4.9280235666884323e-20	1.2160206534954143e-05	5.1982234203738264e-06	6.585925568120796e-05	1.5110421415287922e-05	0.0006644262564147762	0.00017458209044909234	4.777120551224495e-19	0.0028288801605246233	9.928778140570672e-07	2.091025309878534e-06	..\ExtendedTonality\data\DataFrames\op5n1-03.xml.csv	Corelli
0.08569025692970426	3.1848493829902666e-21	0.0053810267299183034	0.0012440897578263022	0.001686079334571945	4.766285125760644e-07	9.439050703616354e-08	0.0002740807477153224	1.8525923930760875e-05	2.767073101773793e-05	5.87078358941714e-05	0.0005409363666349004	2.201082017197578e-19	0.00030137882326255295	1.8138105095874703e-17	6.330746834452165e-07	2.1485609903921417e-06	6.610397563980843e-05	1.341880849319447e-36	7.390665436636512e-05	0.0018636331076725826	0.001066981612501866	0.00018004376529081703	0.00033949276323044206	1.636070396539875e-39	4.350628352043725e-17	0.0003193809178804099	5.0727085372902945e-09	2.167840823833164e-48	1.0648521164529713e-26	4.231372705268218e-21	5.4142799808677884e-06	7.395874906043561e-20	3.08107356108635e-05	7.598743047479112e-06	0.00039011345589135633	0.00010460845408196501	1.9500043105418926e-19	0.0015036156033160263	3.928852010967402e-07	8.616020017658727e-07	..\ExtendedTonality\data\DataFrames\op6n8-01.xml.csv	Corelli
0.028974743747263883	1.6010240256463833e-35	0.002552639012626735	0.0006129163710079881	0.0006486070582417773	1.0875702383553784e-07	3.2406062000670856e-08	9.65877757720133e-05	5.885065386362742e-06	1.0407341529124585e-05	3.5332023565634334e-05	0.0002662453680336657	6.335968383844526e-20	0.00015211473313729088	5.458494384508041e-29	2.1289769198273588e-19	2.156175006662626e-07	3.404885615698547e-05	2.4727517932922945e-37	2.0156688986909038e-05	0.0007352735325210023	0.0006678890851602499	7.13764514138719e-05	0.00018398331989649612	9.116295273436415e-41	9.307985759126688e-18	0.00015200702965836017	1.7194205730486983e-09	6.803077573500622e-49	7.318845392549616e-42	1.5913004688221378e-34	2.0845565729962564e-06	2.4427144255357347e-20	1.1527801935137168e-05	2.7304770750479958e-06	0.00017951845797381467	4.040302813239021e-05	1.027595040083606e-20	0.0007134354838862131	1.3548304243033013e-07	2.9714447780508027e-07	..\ExtendedTonality\data\DataFrames\25op26no1b.mxl.csv	Kozeluch
